Year,Percent,Certainty
2013,27.13684210526316,record
2014,28.90526315789474,record
2015,28.54,record
2016,28.200000000000003,record
2017,29.962500000000002,record
2017,29.962500000000002,conservative estimate
2018,30.862500000000004,conservative estimate
2019,31.127272727272725,conservative estimate
